"ausleihe_hinzufuegen#RECORD_LINK_ID","video_hinzufuegen#RECORD_LINK_ID"
"74599000000032187","74599000000027259"
"74599000000032191","74599000000027259"
"74599000000032195","74599000000027267"
"74599000000032155","74599000000027271"
"74599000000032143","74599000000027283"
"74599000000032171","74599000000027287"
"74599000000032167","74599000000027291"
"74599000000032199","74599000000027291"
"74599000000032147","74599000000027295"
"74599000000032139","74599000000027299"
"74599000000032179","74599000000027303"
"74599000000032207","74599000000027303"
"74599000000032203","74599000000027307"
"74599000000032175","74599000000027311"
"74599000000032163","74599000000027315"
"74599000000032151","74599000000027323"
"74599000000032183","74599000000027327"
"74599000000032159","74599000000027331"
"74599000000032211","74599000000027331"
"74599000000032215","74599000000027331"
